USE `techstore`;

INSERT INTO `users` (`email`, `phone_numbers`, `full_name`, `password`, `dob`, `gender`, `role`, `access`)VALUES
                                                                                                              ('phuoc@gmail.com', '0986216717', 'Nguyễn Hữu Phước', '123', '2003-02-17', 'nam', 'true', 'true'),
                                                                                                              ('admin@gmail.com', '0986216717', 'admin', 'admin', '2003-02-17', 'nam', 'true', 'true'),
                                                                                                              ('luu@gmail.com', '0866456543', 'Lưu', '111', '2003-01-19', 'nam', 'false', 'true');

INSERT INTO `category` (`categoryID`, `name`) VALUES
                                                  (1, 'Laptop'),
                                                  (2, 'Điện thoại'),
                                                  (3, 'Máy tính bảng'),
                                                  (4, 'PC'),
                                                  (5, 'Tai nghe'),
                                                  (6, 'Loa'),
                                                  (7, 'Tivi');

INSERT INTO `products` (`productID`, `categoryID`, `quantity`, `date_added`, `price`, `sale`, `ordered_numbers`, `name`, `trademark`, `content`) VALUES
                                                                                                                                                     (1, 4, 999, '2023-02-17', 20000, 1000, 10, 'PC PV Home Office I50168 (Intel Core i5-12400/ 2 x 8GB/ 500GB SSD/ Free DOS', 'Phong Vũ', 'CPU Intel Core i5 12400, Mainboard MSI PRO H610M-E DDR4, Ram 2 x 8GB DDR4-3200, SSD WD Green SN350 500GB M.2 2280, PCIE NVME Gen 3x4 (WDS500G2G0C), Power MIK SPOWER 500 (SP005841), Case MIK Phong Vu Office'),
                                                                                                                                                     (2, 4, 999, '2023-02-17', 24000, 1000, 20, 'PC PV Gaming Hades H002 (Intel Ultra 9 285K/ GeForce RTX 5080/ 2 x 24GB/ 1TB SSD/ Free DOS', 'Phong Vũ', 'CPU Intel Core Ultra 9 285K Mainboard MSI MEG Z890 ACE RAM Teamgroup Xtreem ARGB Black 2x24GB DDR5-8000 SSD MSI SPATIUM M480 PCIe 4.0 NVMe M.2 1TB VGA MSI RTX 5080 16G GAMING TRIO OC 16GB GDDR7 PSU MSI MAG A1250GL PCIE5 Tản nhiệt nước MSI MAG CORELIQUID I360 Case MSI MEG PROSPECT 700R'),
                                                                                                                                                     (3, 2, 999, '2023-02-17', 24000, 1000, 20, 'TCL 60R 5G 4GB 128GB', 'TCL', 'TCL 60R 5G là lựa chọn lý tưởng cho những ai đang tìm kiếm một chiếc smartphone 5G hiện đại, có thiết kế nổi bật và hiệu năng ổn định trong tầm giá. Sở hữu màn hình lớn 6.7 inch với tần số quét 120Hz mượt mà, chip Dimensity 6300 mạnh mẽ, cùng viên pin dung lượng cao 5200mAh, sản phẩm hứa hẹn mang đến trải nghiệm toàn diện từ giải trí đến làm việc.'),
                                                                                                                                                     (4, 2, 999, '2023-02-17', 24000, 1000, 20, 'Xiaomi Poco M7 Pro 5G 8GB 256GB', 'Xiaomi', 'POCO M7 Pro 5G không đơn thuần là một chiếc điện thoại, mà là một tổ hợp giải trí và làm việc di động, được tinh chỉnh kỹ lưỡng từ hiệu năng, pin, màn hình hiển thị cho đến camera và hệ thống âm thanh. Mọi yếu tố đều hội tụ để mang lại trải nghiệm tốt nhất trong tầm giá, khiến POCO M7 Pro 5G trở thành đối thủ đáng gờm trong phân khúc tầm trung'),
                                                                                                                                                     (5, 2, 999, '2023-02-17', 24000, 1000, 20, 'iPhone 16 Pro Max 256GB', 'Apple', 'iPhone 16 series với 4 phiên bản: iPhone 16, iPhone 16 Plus, iPhone 16 Pro và iPhone 16 Pro Max đều có sự nâng cấp đáng kể, trong đó đáng chú ý là nút điều khiển camera mới, hệ thống camera tiên tiến, hiệu suất và thời lượng pin vượt trội. Trong đó iPhone 16 là dòng tiêu chuẩn với thiết kế trẻ trung và thời thượng cùng cấu hình mượt mà, giá bán phải chăng nhất. iPhone 16 Plus sở hữu ngoài màn hình lớn và thời lượng sử dụng pin dài hơn bản iPhone 16 thường. Trong đó, đánh dấu bước nhảy vọt về thời lượng pin và sở hữu chip A18 Pro xuất sắc, iPhone 16 Pro Max là siêu phẩm đem lại trải nghiệm vượt trội trên mọi khía cạnh. Sản phẩm gây ấn tượng với viền màn hình siêu mỏng, được trang bị nút Điều Khiển Camera mới và có bộ tính năng Apple Intelligence cực kỳ tiện dụng. '),
                                                                                                                                                     (6, 1, 999, '2023-02-17', 24000, 1000, 20, 'Macbook Air 13 M4 2025 10CPU/10GPU/24GB/512GB Xanh Da Trời', 'Apple', 'Về kiểu dáng, MacBook Air M4 vẫn giữ nguyên ngôn ngữ thiết kế tinh tế đặc trưng của Apple nhưng nổi bật hơn với độ mỏng chỉ 1,13 cm và trọng lượng khoảng 1,24 kg. Sản phẩm sử dụng đến 50% vật liệu tái chế, vừa thân thiện với môi trường vừa đảm bảo độ bền và tính thẩm mỹ.'),
                                                                                                                                                     (7, 1, 999, '2023-02-17', 24000, 1000, 20, 'Laptop Lenovo IdeaPad Slim 3 15IRH10 i5 13420H/24GB/512GB/15.1 WQXGA_OLED/Win11', 'Lenovo', 'Dòng Ideapad của Lenovo từ lâu đã khẳng định vị thế của mình trong lĩnh vực laptop văn phòng nhờ sự ổn định, độ bền cao và thiết kế tinh tế. Trong đó, phiên bản IdeaPad Slim 3 15IRH10 83K1002NVN thế hệ mới gây ấn tượng hiệu năng mạnh mẽ đến từ chip Intel Core i5-13420H, dung lượng RAM lên đến 24GB, ổ cứng SSD 512GB và màn hình OLED 15.1 inch sắc nét, đáp ứng tốt nhu cầu công việc và giải trí của người dùng.'),
                                                                                                                                                     (8, 1, 999, '2023-02-17', 24000, 1000, 20, 'Laptop Asus Vivobook S14 S3407VA-LY046W i5-13420H/16GB/512GB/14" WUXGA/Win11', 'Asus', 'Mảnh mai, thời trang và mạnh mẽ, Vivobook S14 S3407VA-LY046W là cộng sự đáng tin cậy cho giới văn phòng, học sinh/sinh viên và những người thường xuyên công tác xa nhà. Sản phẩm được trang bị chip xử lý Intel Core i5 13420H mạnh mẽ, có màn hình 14 inch WUXGA và thời lượng pin tối đa 20 tiếng liên tục.'),
                                                                                                                                                     (9, 3, 999, '2023-02-17', 24000, 1000, 20, 'iPad A16 WiFi 128GB', 'Apple', 'iPad Gen 11 đánh dấu bước tiến lớn trong dòng iPad của Apple. Sản phẩm sở hữu sức mạnh vượt trội nhờ chip A16 Bionic, có bộ nhớ khởi điểm 128GB và màn hình Liquid Retina 11 inch tuyệt đẹp. Những nâng cấp đáng giá này giúp người dùng làm việc hiệu quả hơn, đồng thời trở thành công cụ lý tưởng cho nhu cầu giải trí và sáng tạo nội dung.'),
                                                                                                                                                     (10, 3, 999, '2023-02-17', 24000, 1000, 20, 'Xiaomi Pad 7 WiFi 8GB 128GB', 'Xiaomi', 'Xiaomi Pad 7 là sự kết hợp hoàn hảo giữa thiết kế tinh tế, hiệu suất mạnh mẽ và trải nghiệm người dùng thông minh. Với màn hình sống động, âm thanh chân thực và khả năng kết nối liền mạch, thiết bị mở ra không gian làm việc và giải trí đầy cảm hứng. Dù là sáng tạo, học tập hay giải trí, chiếc tablet này luôn đồng hành, nâng tầm trải nghiệm của bạn.');

--	(2, 4, 999, '2023-02-17', 24000, 1000, 20, 'PC PV/ Free DOS)', 'Phong Vũ', 'CPU I MEG PROSPECT 700R'),
--	(2, 4, 999, '2023-02-17', 24000, 1000, 20, 'PC PV/ Free DOS)', 'Phong Vũ', 'CPU I MEG PROSPECT 700R');