USE `techstore`;

INSERT INTO `users` (`email`, `username`, `phone_numbers`, `full_name`, `password`, `dob`, `gender`, `role`, `access`, `verified`)
VALUES
    ('phuoc@gmail.com', 'phuoc', '0986216717', 'Nguyễn Hữu Phước', '$2a$10$eTGx/4wZN/msl9YhNfx0ne2rY3I5UI3TI4KlmxBiPRsyNTcvI4WVW', '2003-02-17', 'nam', 'USER', 'ACTIVE', 1),
    ('admin@gmail.com', 'admin', '0986216717', 'admin', '$2a$10$eTGx/4wZN/msl9YhNfx0ne2rY3I5UI3TI4KlmxBiPRsyNTcvI4WVW', '2003-02-17', 'nam', 'ADMIN', 'ACTIVE', 1),
    ('luu@gmail.com', 'luu', '0866456543', 'Lưu', '$2a$10$eTGx/4wZN/msl9YhNfx0ne2rY3I5UI3TI4KlmxBiPRsyNTcvI4WVW', '2003-01-19', 'nam', 'USER', 'ACTIVE', 1);

INSERT INTO `category` (`categoryID`, `name`)
VALUES
    (1, 'Laptop'),
    (2, 'Điện thoại'),
    (3, 'Máy tính bảng'),
    (4, 'PC'),
    (5, 'Tai nghe'),
    (6, 'Loa'),
    (7, 'Tivi');

INSERT INTO `products` (`productID`, `categoryID`, `quantity`, `date_added`, `price`, `sale`, `ordered_numbers`, `name`, `trademark`, `content`)
VALUES
    (1, 4, 999, '2025-05-17', 20000, 1000, 10, 'PC PV Home Office I50168 (Intel Core i5-12400/ 2 x 8GB/ 500GB SSD/ Free DOS', 'Phong Vũ', 'CPU Intel Core i5 12400, Mainboard MSI PRO H610M-E DDR4, Ram 2 x 8GB DDR4-3200, SSD WD Green SN350 500GB M.2 2280, PCIE NVME Gen 3x4 (WDS500G2G0C), Power MIK SPOWER 500 (SP005841), Case MIK Phong Vu Office'),
    (2, 4, 999, '2025-05-17', 24000, 1000, 20, 'PC PV Gaming Hades H002 (Intel Ultra 9 285K/ GeForce RTX 5080/ 2 x 24GB/ 1TB SSD/ Free DOS', 'Phong Vũ', 'CPU Intel Core Ultra 9 285K Mainboard MSI MEG Z890 ACE RAM Teamgroup Xtreem ARGB Black 2x24GB DDR5-8000 SSD MSI SPATIUM M480 PCIe 4.0 NVMe M.2 1TB VGA MSI RTX 5080 16G GAMING TRIO OC 16GB GDDR7 PSU MSI MAG A1250GL PCIE5 Tản nhiệt nước MSI MAG CORELIQUID I360 Case MSI MEG PROSPECT 700R'),
    (3, 2, 999, '2025-05-17', 24000, 1000, 20, 'TCL 60R 5G 4GB 128GB', 'TCL', 'TCL 60R 5G là lựa chọn lý tưởng cho những ai đang tìm kiếm một chiếc smartphone 5G hiện đại, có thiết kế nổi bật và hiệu năng ổn định trong tầm giá. Sở hữu màn hình lớn 6.7 inch với tần số quét 120Hz mượt mà, chip Dimensity 6300 mạnh mẽ, cùng viên pin dung lượng cao 5200mAh, sản phẩm hứa hẹn mang đến trải nghiệm toàn diện từ giải trí đến làm việc.'),
    (4, 2, 999, '2025-05-17', 24000, 1000, 20, 'Xiaomi Poco M7 Pro 5G 8GB 256GB', 'Xiaomi', 'POCO M7 Pro 5G không đơn thuần là một chiếc điện thoại, mà là một tổ hợp giải trí và làm việc di động, được tinh chỉnh kỹ lưỡng từ hiệu năng, pin, màn hình hiển thị cho đến camera và hệ thống âm thanh. Mọi yếu tố đều hội tụ để mang lại trải nghiệm tốt nhất trong tầm giá, khiến POCO M7 Pro 5G trở thành đối thủ đáng gờm trong phân khúc tầm trung'),
    (5, 2, 999, '2025-05-17', 24000, 1000, 20, 'iPhone 16 Pro Max 256GB', 'Apple', 'iPhone 16 series với 4 phiên bản: iPhone 16, iPhone 16 Plus, iPhone 16 Pro và iPhone 16 Pro Max đều có sự nâng cấp đáng kể, trong đó đáng chú ý là nút điều khiển camera mới, hệ thống camera tiên tiến, hiệu suất và thời lượng pin vượt trội. Trong đó iPhone 16 là dòng tiêu chuẩn với thiết kế trẻ trung và thời thượng cùng cấu hình mượt mà, giá bán phải chăng nhất. iPhone 16 Plus sở hữu ngoài màn hình lớn và thời lượng sử dụng pin dài hơn bản iPhone 16 thường. Trong đó, đánh dấu bước nhảy vọt về thời lượng pin và sở hữu chip A18 Pro xuất sắc, iPhone 16 Pro Max là siêu phẩm đem lại trải nghiệm vượt trội trên mọi khía cạnh. Sản phẩm gây ấn tượng với viền màn hình siêu mỏng, được trang bị nút Điều Khiển Camera mới và có bộ tính năng Apple Intelligence cực kỳ tiện dụng. '),
    (6, 1, 999, '2025-05-17', 24000, 1000, 20, 'Macbook Air 13 M4 2025 10CPU/10GPU/24GB/512GB Xanh Da Trời', 'Apple', 'Về kiểu dáng, MacBook Air M4 vẫn giữ nguyên ngôn ngữ thiết kế tinh tế đặc trưng của Apple nhưng nổi bật hơn với độ mỏng chỉ 1,13 cm và trọng lượng khoảng 1,24 kg. Sản phẩm sử dụng đến 50% vật liệu tái chế, vừa thân thiện với môi trường vừa đảm bảo độ bền và tính thẩm mỹ.'),
    (7, 1, 999, '2025-05-17', 24000, 1000, 20, 'Laptop Lenovo IdeaPad Slim 3 15IRH10 i5 13420H/24GB/512GB/15.1 WQXGA_OLED/Win11', 'Lenovo', 'Dòng Ideapad của Lenovo từ lâu đã khẳng định vị thế của mình trong lĩnh vực laptop văn phòng nhờ sự ổn định, độ bền cao và thiết kế tinh tế. Trong đó, phiên bản IdeaPad Slim 3 15IRH10 83K1002NVN thế hệ mới gây ấn tượng hiệu năng mạnh mẽ đến từ chip Intel Core i5-13420H, dung lượng RAM lên đến 24GB, ổ cứng SSD 512GB và màn hình OLED 15.1 inch sắc nét, đáp ứng tốt nhu cầu công việc và giải trí của người dùng.'),
    (8, 1, 999, '2025-05-17', 24000, 1000, 20, 'Laptop Asus Vivobook S14 S3407VA-LY046W i5-13420H/16GB/512GB/14" WUXGA/Win11', 'Asus', 'Mảnh mai, thời trang và mạnh mẽ, Vivobook S14 S3407VA-LY046W là cộng sự đáng tin cậy cho giới văn phòng, học sinh/sinh viên và những người thường xuyên công tác xa nhà. Sản phẩm được trang bị chip xử lý Intel Core i5 13420H mạnh mẽ, có màn hình 14 inch WUXGA và thời lượng pin tối đa 20 tiếng liên tục.'),
    (9, 3, 999, '2025-05-17', 24000, 1000, 20, 'iPad A16 WiFi 128GB', 'Apple', 'iPad Gen 11 đánh dấu bước tiến lớn trong dòng iPad của Apple. Sản phẩm sở hữu sức mạnh vượt trội nhờ chip A16 Bionic, có bộ nhớ khởi điểm 128GB và màn hình Liquid Retina 11 inch tuyệt đẹp. Những nâng cấp đáng giá này giúp người dùng làm việc hiệu quả hơn, đồng thời trở thành công cụ lý tưởng cho nhu cầu giải trí và sáng tạo nội dung.'),
    (10, 3, 999, '2025-05-17', 24000, 1000, 20, 'Xiaomi Pad 7 WiFi 8GB 128GB', 'Xiaomi', 'Xiaomi Pad 7 là sự kết hợp hoàn hảo giữa thiết kế tinh tế, hiệu suất mạnh mẽ và trải nghiệm người dùng thông minh. Với màn hình sống động, âm thanh chân thực và khả năng kết nối liền mạch, thiết bị mở ra không gian làm việc và giải trí đầy cảm hứng. Dù là sáng tạo, học tập hay giải trí, chiếc tablet này luôn đồng hành, nâng tầm trải nghiệm của bạn.'),
    (11, 2, 999, '2023-02-17', 24000, 1000, 20, 'Samsung Galaxy Z Fold6 5G 256GB', 'Samsung', 'Samsung Galaxy Z Fold6 đánh dấu một chuẩn mực mới trong thế giới điện thoại gập. Với thiết kế siêu mỏng nhẹ và hiệu năng vượt trội, Z Fold 6 mang đến sự kết hợp hoàn hảo giữa công nghệ tiên tiến và vẻ ngoài thời thượng. Đây không chỉ là một chiếc điện thoại, mà còn là minh chứng cho những đột phá công nghệ của Samsung, tạo nên trải nghiệm gập đẳng cấp mà bạn khó có thể tìm thấy ở bất kỳ thiết bị nào khác.'),
    (12, 2, 999, '2023-02-17', 24000, 1000, 20, 'Samsung Galaxy S24 FE 5G 128GB', 'Samsung', 'Samsung Galaxy S24 FE là một kiệt tác công nghệ với sự hoàn hảo từ diện mạo đến cấu hình. Màn hình 6.7 inch Dynamic AMOLED 2X, pin 4.700mAh và chip Exynos 2400e mang tới trải nghiệm mượt mà và thú vị cho mọi tác vụ. Quyền năng Galaxy AI cho bạn cơ hội thỏa sức sáng tạo và tận hưởng những lợi ích từ trí tuệ nhân tạo trong công việc và cuộc sống.'),
    (13, 2, 999, '2023-02-17', 24000, 1000, 20, 'Honor X8c 8GB 512GB', 'Honor', 'Ngoài việc sở hữu vẻ đẹp thanh lịch với họa tiết mặt lưng bàn cờ độc đáo, HONOR X8c còn ghi điểm nhờ độ bền vượt trội, có khả năng chống sốc và chống nước cực tốt. Hệ thống camera 108MP sẽ giúp người dùng bắt trọn những khoảnh khắc tuyệt đẹp, trong khi công nghệ AI Eraser hỗ trợ xóa vật thể thừa trong ảnh chỉ sau tích tắc.'),
    (14, 2, 999, '2023-02-17', 24000, 1000, 20, 'Honor X9c 5G 12GB 256GB', 'Honor', 'Với thiết kế siêu bền, HONOR X9c có thể chống sốc, chịu nhiệt và kháng nước cực kỳ hiệu quả. HONOR đã trang bị cho sản phẩm công nghệ đặc biệt nhằm nâng cao độ bền. Ngoài ra, chiếc điện thoại còn gây ấn tượng với khung vỏ siêu mỏng, viên pin 6.600 mAh, camera 108MP và màn hình Eye Comfort chống hại mắt.'),
    (15, 1, 999, '2023-02-17', 24000, 1000, 20, 'Laptop HP 14s-em0086AU R5 7520U/16GB/512GB/14 FHD/AMD Radeon Graphics/Win11', 'HP', 'Với việc trang bị sẵn tới 16GB RAM và bộ vi xử lý Ryzen 5 7520 thuộc thế hệ AMD 7000 series mới nhất, HP 14s-em0086AU tự tin cùng bạn vượt qua mọi thử thách trong học tập, công việc. Kiểu dáng nhỏ gọn, bền bỉ sẽ giúp laptop dễ dàng để đồng hành bên bạn đi khắp muôn nơi.'),
    (16, 1, 999, '2023-02-17', 24000, 1000, 20, 'Laptop MSI Gaming Thin A15 B7UC-261VN R5 7535HS/16GB/512GB/15.6" FHD/RTX3050_4GB/Win11_Balo', 'MSI', 'Với mức giá hợp lý trong phân khúc laptop gaming, MSI Thin A15 B7UC-261VN đem đến cho người dùng những giá trị sử dụng tuyệt vời. Sản phẩm đến từ MSI được trang bị cấu hình ấn tượng với chip AMD Ryzen 7000 kết hợp cùng card đồ họa RTX 3050. Phong cách thiết kế Cyberpunk kết hợp với bàn phím hiện đại hứa hẹn đem lại cho game thủ những trải nghiệm tốt nhất.'),
    (17, 1, 999, '2023-02-17', 24000, 1000, 20, 'Laptop Acer Aspire 3 A315-44P-R5QG R7 5700U/16GB/512GB/15.6"FHD/Win11', 'Acer', 'Acer Aspire 3 A315-44P-R5QG là chiếc laptop mỏng nhẹ đa năng cho học sinh, sinh viên, nhân viên văn phòng. Sở hữu bộ vi xử lý AMD Ryzen 7 cực mạnh đi cùng dung lượng RAM lên tới 16GB, Aspire 3 A315 cho bạn làm việc mượt mà và năng suất hơn.'),
    (18, 3, 999, '2023-02-17', 24000, 1000, 20, 'Samsung Galaxy Tab A9 WiFi 8GB 128GB', 'Samsung', 'Samsung Galaxy Tab A9 WiFi không chỉ là một thiết bị giải trí mà còn là một công cụ làm việc hiệu quả. Với hàng loạt tính năng nổi bật và giá bán rất phải chăng, không khó hiểu khi sản phẩm này trở thành lựa chọn hàng đầu của nhiều người dùng.'),
    (19, 3, 999, '2023-02-17', 24000, 1000, 20, 'iPad Pro 11 inch M4 2024 Wifi 256GB', 'Apple', 'iPad Pro 11 inch M4 2024 gây ấn tượng với thiết kế mỏng 5,3 mm siêu gọn gàng. Sản phẩm được trang bị màn hình Ultra Retina XDR với độ tương phản cực cao, đồng thời đánh dấu bước nhảy vọt về hiệu năng xử lý, sức mạnh đồ họa và hiệu suất AI khi sở hữu chip M4 thế hệ mới.'),
    (20, 3, 999, '2023-02-17', 24000, 1000, 20, 'JoyStar J6 WiFi 4GB 64GB', 'JoyStar', 'Joystar J6 WiFi 4GB 64GB là chiếc máy tính bảng lý tưởng dành cho học sinh, kết hợp giữa thiết kế nhỏ gọn, bền bỉ với loạt tính năng hỗ trợ học tập toàn diện. Sở hữu màn hình lớn, camera rõ nét, kho ứng dụng phong phú và nhiều tiện ích quản lý thông minh, thiết bị giúp trẻ học tập hiệu quả, an toàn và khoa học hơn mỗi ngày.'),
    (21, 3, 999, '2023-02-17', 24000, 1000, 20, 'Masstel Tab 10 Edu 4G 3GB-32GB', 'Masstel', 'Masstel Tab 10 Edu 4G 3GB-32GB là chiếc tablet đa năng, phù hợp cho học tập và giải trí. Với màn hình 10.1 inch, vi xử lý 4 nhân mạnh mẽ, kết nối 4G và pin 6000mAh, thiết bị mang lại trải nghiệm mượt mà, liên tục.'),
    (22, 3, 999, '2023-02-17', 24000, 1000, 20, 'Lenovo Tab 10.1 WiFi 4GB 64GB', 'Lenovo', 'Với màn hình sắc nét 10.1 inch, hệ thống loa kép Dolby Atmos sống động, chip xử lý tám nhân mạnh mẽ và thời lượng pin bền bỉ, Lenovo Tab 10.1 mang đến trải nghiệm mượt mà, tiện ích và đầy cảm hứng. Sản phẩm có mức giá rất dễ tiếp cận, phù hợp cho nhu cầu của giới học sinh, sinh viên.'),
    (23, 5, 999, '2023-02-17', 24000, 1000, 20, 'Tai nghe choàng đầu Havit H220d', 'Havit', 'Tai nghe choàng đầu Havit H220d là một thiết bị âm thanh hiện đại và tinh tế, mang đến âm thanh chất lượng cao với đáp ứng bass xuất sắc. Tai nghe này hoàn hảo cho những người yêu nhạc đòi hỏi chất lượng âm thanh và sự thoải mái xuất sắc từ tai nghe của họ.'),
    (24, 5, 999, '2023-02-17', 24000, 1000, 20, 'Tai nghe không dây choàng đầu Gaming Havit Fuxi-H3', 'Havit', 'Tai nghe không dây choàng đầu Gaming Havit Fuxi-H3 là sản phẩm nổi bật dành cho game thủ với nhiều tính năng tiên tiến. Với nhiều tính năng cao cấp, sản phẩm này hứa hẹn sẽ mang lại trải nghiệm tuyệt vời cho cộng đồng đam mê eSports.'),
    (25, 5, 999, '2023-02-17', 24000, 1000, 20, 'Tai nghe gaming Rapoo VH160 có mic', 'Rapoo', 'Là chiếc tai nghe lý tưởng dành cho các tín đồ eSports, Rapoo VH160 sở hữu cúp tai mềm cách âm tốt, đồng thời thể hiện chất âm xuất sắc nhờ công nghệ âm thanh vòm 7.1 sống động. Bạn sẽ dễ dàng kết nối sản phẩm với laptop, PC và khơi dậy cảm hứng gaming qua đèn LED RGB độc đáo.'),
    (26, 6, 999, '2023-02-17', 24000, 1000, 20, 'Loa Bluetooth Edifier ES20', 'Edifier', 'Sở hữu thiết kế nhỏ gọn nhưng không kém phần thời trang, loa không dây EDIFIER ES20 là một sản phẩm cực kì ấn tượng cả về ngoại quan lẫn chất âm, sẵn sàng đáp ứng mọi nhu cầu của người dùng từ thưởng thức âm nhạc trong không gian cá nhân, cho đến khuấy động không khí trong các buổi tiệc ngoài trời.'),
    (27, 6, 999, '2023-02-17', 24000, 1000, 20, 'Loa Bluetooth SOUNARC P3', 'SOUNARC', 'Loa kháng nước SOUNARC P3 đáp ứng tốt nhu cầu âm nhạc cho người dùng trong các buổi dã ngoại, tiệc tùng ngoài trời hay các hoạt động thể thao. Với khả năng chống nước IPX4, thiết bị này hoạt động ổn định ngay cả trong những điều kiện thời tiết ẩm ướt. Ngoài ra, công nghệ Bluetooth 5.1 tiên tiến đảm bảo kết nối nhanh chóng, ổn định với khoảng cách truyền tải lên đến 10 mét. Đồng thời, thiết kế gọn nhẹ cùng tay cầm tích hợp giúp loa SOUNARC P3 trở thành sự lựa chọn hoàn hảo cho những ai yêu thích sự tiện lợi và di động.'),
    (28, 6, 999, '2023-02-17', 24000, 1000, 20, 'Loa Bluetooth ICore M32', 'ICore', 'Loa Bluetooth iCore M32 là chiếc loa Bluetooth cỡ nhỏ với thiết kế dễ thương, cực kỳ nhỏ gọn để bạn dễ dàng mang theo. Khả năng phát nhạc mạnh mẽ và đặc biệt là hiệu ứng đèn LED cực “cháy” của loa Bluetooth iCore M32 sẽ cho bạn những bữa tiệc vui vẻ.'),
    (29, 7, 999, '2023-02-17', 24000, 1000, 20, 'Casper Android TV 32 inch HD 32HG5200', 'Casper', 'Casper Google Tivi HD 32 inch 32HG5200 sở hữu kích thước nhỏ gọn, đưa bạn đắm chìm vào không gian giải trí chất lượng với mức giá vô cùng phải chăng. Công nghệ HDR10, Super Brightness kết hợp với hệ thống loa 20W và công nghệ Dolby Digital mang tới trải nghiệm nghe nhìn hoàn hảo ngay tại chính ngôi nhà của bạn.'),
    (30, 7, 999, '2023-02-17', 24000, 1000, 20, 'Samsung Smart TV Crystal UHD 43 inch 4K UA43DU7000', 'Samsung', 'Samsung Smart TV Crystal UHD 43 inch 4K UA43DU7000 là dòng tivi hiện đại, tạo ra trải nghiệm giải trí sống động với chất lượng hình ảnh vượt trội. Bên cạnh đó, thiết bị này tích hợp công nghệ Q-Symphony, mang đến hiệu ứng âm thanh vòm sống động khi xem phim, nghe nhạc hoặc chơi game. Với hệ điều hành Samsung Tizen, tivi cung cấp kho ứng dụng phong phú, cho phép người dùng tận hưởng những chương trình yêu thích suốt cả ngày.'),
    (31, 7, 999, '2023-02-17', 24000, 1000, 20, 'LG Smart TV 43 inch 4K 43UQ7050PSA', 'LG', 'LG Smart Tivi 4K 43 inch 43UQ7050PSA là sự lựa chọn tuyệt vời cho những ai tìm kiếm một chiếc tivi chất lượng cao với nhiều tính năng thông minh và hiện đại. Sở hữu màn hình 4K Ultra HD cùng công nghệ 4K Upscaling và HDR10 Pro, thiết bị này mang đến trải nghiệm giải trí sống động và chân thực. Bên cạnh hình ảnh, chất lượng âm thanh của thiết bị cũng được tăng cường nhờ AI Sound (Virtual 5.1 Up-mix). Ngoài ra, LG Smart Tivi 4K 43 inch 43UQ7050PSA tích hợp hệ điều hành webOS 24 với kho ứng dụng phong phú, mang lại phút giây giải trí tuyệt vời nhất cho gia đình bạn.');
--	(2, 4, 999, '2023-02-17', 24000, 1000, 20, 'PC PV/ Free DOS)', 'Phong Vũ', 'CPU I MEG PROSPECT 700R'),
--	(2, 4, 999, '2023-02-17', 24000, 1000, 20, 'PC PV/ Free DOS)', 'Phong Vũ', 'CPU I MEG PROSPECT 700R');